Sr,k1,k2,beta,sigma,maxBOLD
0.919866109844064,0.047144479339746,0.0893270417375971,1.03455508039333,0.731117218546569,2.1233664
