Sr,k1,k2,beta,sigma,maxBOLD
1.024,0.089968706920733,0.0500156081382487,1.4,0.9,0.24772608
