slope,semiSat,beta,sigma,maxBOLD
0.365174127254838,0.517448565728383,1,0.3,1.45152
