slope,semiSat,beta,sigma,maxBOLD
0.892715626507231,0.744709563134495,1.00000240739028,0.401757427048869,1.62002949521046
