slope,semiSat,beta,sigma,maxBOLD
0.115725145203144,0.396187154719633,1.00038623046875,0,0.590819297934827
