slope,semiSat,beta,sigma,maxBOLD
0.244587300973142,0.489455466261795,0.999550309283193,0.176689204165825,1.49337538629631
