slope,semiSat,beta,sigma,maxBOLD
0.263862647630812,0.775390932084856,1.00011012171302,0.329586119949818,1.539648
