slope,semiSat,beta,sigma,maxBOLD
0.234572811294485,0.488215729622188,1.00058921201003,0.406209195236417,1.5475572310556
