slope,semiSat,beta,sigma,maxBOLD
0.261505284038238,0.475337363642545,0.999950439453125,0.3,1.4145516
