slope,semiSat,beta,sigma,maxBOLDSimulated
0.949230769230769,0.746153846153846,1,0.1,1.6
