slope,semiSat,beta,sigma,maxBOLDSimulated
0.238461538461538,0.492307692307692,1,0.1,1.5
